[
  {
    "taskId": "0",
    "taskName": "complete express todo app",
    "status": "pending"
  },
  {
    "taskId": "1",
    "taskName": "complete express todo app",
    "status": "pending"
  },
  {
    "taskId": "2",
    "taskName": "complete express todo app",
    "status": "pending"
  },
  {
    "taskId": "3",
    "taskName": "complete express todo app",
    "status": "pending"
  },
  {
    "taskId": "4",
    "taskName": "complete express todo app",
    "status": "pending"
  },
  {
    "taskId": "5rnaitzkifv3tun",
    "taskName": "this implement model strategy",
    "status": "pending"
  },
  {
    "taskId": "5rnaji9kifvmpyt",
    "taskName": "nodebackend",
    "status": "pending"
  }
]